,http
0,45.230.47.17:999
1,212.129.54.138:3128
2,195.182.152.238:38178
3,223.18.222.245:80
4,103.137.84.17:84
5,34.87.84.105:80
6,154.239.1.72:1976
7,202.164.152.229:8080
8,190.202.94.210:8080
9,20.71.241.197:80
10,197.211.38.94:8080
11,104.192.202.11:8080
12,45.189.255.18:999
13,50.236.55.190:4481
14,103.102.100.228:3128
15,80.252.5.34:7001
16,217.169.220.183:6666
17,128.201.119.251:999
18,190.71.147.50:999
19,146.56.116.9:3128
20,95.111.239.49:3128
21,165.154.243.154:80
22,186.1.206.154:3128
23,193.164.17.64:2019
24,103.248.120.5:8080
25,121.139.218.165:31409
26,205.207.102.9:8282
27,138.68.235.51:80
28,8.242.176.196:999
29,41.222.209.9:808
30,176.214.97.55:1256
31,43.255.113.232:8084
32,88.255.64.78:1976
33,113.179.141.50:19132
34,46.101.160.223:80
35,83.174.218.83:8080
36,41.84.135.102:8080
37,175.138.229.109:3128
38,82.210.8.173:80
39,20.68.161.226:3128
40,94.101.140.131:9999
41,178.32.101.200:80
42,190.107.233.236:999
43,45.236.28.68:999
44,181.232.190.100:999
45,176.236.226.175:8080
46,103.161.31.137:83
47,151.248.16.57:8080
48,194.124.38.179:8181
49,180.183.174.53:8668
50,82.114.118.142:1256
51,167.172.173.210:42887
52,203.198.207.253:80
53,131.161.239.165:8090
54,181.225.68.29:999
55,115.243.184.76:23500
56,118.238.12.55:80
57,190.61.84.166:9812
58,14.241.111.38:8080
59,211.234.125.3:443
60,161.35.214.127:46269
61,88.255.101.231:8080
62,203.229.251.191:80
63,167.99.236.14:80
64,95.154.104.147:44393
65,167.71.230.124:8080
66,1.2.252.65:8080
67,45.174.70.18:53281
68,183.88.73.176:8080
69,177.93.50.234:999
70,1.179.148.9:55636
71,157.100.53.102:999
72,193.3.40.250:8080
73,31.13.33.26:8080
74,122.185.159.51:80
75,208.109.191.161:80
76,196.201.230.242:8080
77,45.228.234.117:6969
78,59.98.4.70:8080
79,41.59.97.53:9999
80,197.243.20.186:80
81,79.141.161.141:3128
82,45.181.122.74:999
83,190.103.28.187:3128
84,93.91.112.247:41258
85,142.93.223.246:80
86,152.231.29.51:8080
87,98.164.130.195:8080
88,51.195.102.23:3128
89,162.252.145.225:8282
90,200.71.115.3:8081
91,5.59.145.129:8080
92,190.128.129.10:8080
93,46.105.35.193:8080
94,109.110.35.210:9090
95,112.133.215.24:8080
96,188.133.137.9:8081
97,43.243.172.2:83
98,62.60.160.252:9000
99,122.154.35.190:8080
100,51.79.250.224:3128
101,41.242.116.150:50000
102,178.254.158.83:6666
103,5.202.191.226:8080
104,52.168.34.113:80
105,61.216.156.222:60808
106,138.117.110.243:999
107,95.0.66.86:8080
108,213.212.210.252:1981
109,194.169.167.165:8080
110,165.154.226.95:80
111,81.91.137.42:8080
112,181.129.202.156:999
113,74.205.128.200:80
114,46.46.29.26:8081
115,45.170.101.2:999
116,185.124.84.82:3128
117,104.45.128.122:80
118,160.119.135.210:3129
119,200.37.56.107:999
120,41.65.163.86:1981
121,167.235.236.41:3128
122,180.183.7.79:8080
123,45.184.155.226:999
124,87.103.202.246:3128
125,142.11.222.22:80
126,200.108.229.52:8080
127,64.227.106.157:80
128,154.212.7.248:999
129,74.208.212.244:3128
130,175.139.179.65:42580
131,45.177.55.74:999
132,185.53.35.100:8080
133,212.98.150.202:9091
134,212.23.217.29:8080
135,187.216.82.55:3128
136,137.184.197.190:80
137,84.205.17.234:8080
138,190.97.233.16:999
139,203.220.181.250:80
140,91.194.239.122:8080
141,193.3.52.6:8080
142,190.61.46.165:999
143,180.183.226.100:8080
144,122.185.159.55:80
145,41.65.236.56:1981
146,188.239.72.12:53281
147,170.245.164.34:999
148,103.68.207.34:83
149,181.143.235.100:12345
150,118.70.12.171:53281
151,74.62.7.66:1888
152,50.232.250.157:8080
153,182.72.234.138:3127
154,104.225.220.233:80
155,46.101.126.180:39593
156,41.65.236.35:1981
157,14.241.80.129:8081
158,41.60.234.53:8080
159,138.117.85.97:999
160,43.255.113.232:80
161,190.69.153.82:999
162,81.91.144.190:55443
163,165.16.5.162:9999
164,177.234.217.92:999
165,91.234.127.222:53281
166,193.117.138.126:44805
167,36.37.177.186:8080
168,150.136.246.57:80
169,167.172.172.234:37461
170,51.79.83.113:13044
171,140.227.127.205:80
172,189.250.72.50:80
173,178.128.173.12:8888
174,156.200.116.72:1981
175,78.28.152.111:80
176,162.217.248.10:3128
177,62.193.108.130:1981
178,51.143.10.179:80
179,181.209.95.13:999
180,62.253.84.50:3333
181,185.108.140.69:8080
182,170.155.2.119:80
183,69.75.172.54:8080
184,93.174.242.68:8080
185,213.149.182.98:8080
186,157.100.53.100:999
187,179.1.65.182:999
188,190.217.81.59:999
189,89.208.35.81:3128
190,51.195.81.233:8080
191,165.140.242.57:3128
192,181.204.109.218:8080
193,213.230.108.161:8080
194,1.179.136.98:8080
195,191.97.16.110:999
196,171.5.11.137:34599
197,94.74.166.97:808
198,203.150.172.151:8080
199,181.129.49.214:999
200,144.91.123.26:80
201,45.138.26.50:443
202,124.105.177.237:8080
203,138.68.78.96:80
204,151.80.136.138:3128
205,196.216.65.57:8080
206,217.11.184.27:3128
207,107.152.33.142:50701
208,138.0.91.227:999
209,70.186.128.126:8080
210,24.172.82.94:53281
211,187.189.119.147:8080
212,200.85.198.9:999
213,179.1.86.93:8080
214,212.175.55.158:1976
215,45.224.153.60:999
216,41.65.236.44:1981
217,161.132.125.244:8080
218,43.255.113.232:86
219,172.105.184.208:8001
220,5.202.191.226:80
221,196.202.215.143:41890
222,201.174.17.126:999
223,168.90.14.162:999
224,103.142.108.145:8080
225,103.47.173.169:8080
226,172.104.80.136:80
227,190.90.83.225:999
228,154.239.1.72:1981
229,80.194.38.106:3333
230,129.152.19.129:3128
231,110.164.208.125:8888
232,45.71.196.193:999
233,202.70.67.93:80
234,181.118.158.133:999
235,190.107.237.26:999
236,68.183.185.62:80
237,164.132.170.100:80
238,38.130.249.137:999
239,190.0.247.21:999
240,95.217.162.232:3128
241,54.156.27.49:3128
242,14.241.39.165:19132
243,185.3.214.3:80
244,180.179.104.88:80
245,35.238.197.27:3128
246,190.145.200.126:53281
247,138.91.159.185:80
248,14.207.125.127:8080
249,197.248.184.158:53281
250,79.111.13.155:50625
251,185.104.252.10:9090
252,200.106.187.246:999
253,103.155.54.233:83
254,183.89.2.126:8080
255,81.174.11.159:61743
256,103.208.200.116:23500
257,207.154.228.158:80
258,103.159.200.3:8080
259,115.243.238.45:80
260,217.60.194.46:8080
261,182.72.203.243:80
262,200.32.80.50:999
263,117.198.97.220:80
264,46.101.13.77:80
265,183.88.44.139:8080
266,104.238.172.145:51748
267,167.172.96.117:33747
268,77.236.238.33:1256
269,190.121.157.142:999
270,87.76.1.69:8080
271,185.103.181.84:8080
272,129.213.166.95:3128
273,122.185.159.53:80
274,181.57.192.245:999
275,101.109.176.58:8080
276,43.255.113.232:8086
277,168.138.211.5:8080
278,122.102.118.83:8080
279,72.169.67.93:87
280,66.94.108.138:3128
281,51.68.220.201:8080
282,94.73.239.124:55443
283,12.218.209.130:53281
284,27.131.179.216:10443
285,103.125.162.134:83
286,191.97.58.212:999
287,58.82.151.242:8080
288,212.92.204.54:80
289,138.117.84.107:999
290,67.73.188.138:999
291,154.236.168.169:1981
292,91.134.136.29:9000
293,186.67.192.246:8080
294,205.207.100.33:8282
295,190.108.82.110:999
296,14.141.146.102:80
297,180.178.189.102:3127
298,154.204.56.186:8080
299,190.94.211.207:999
300,103.88.238.227:8080
301,190.210.223.90:8080
302,116.80.41.12:80
303,154.26.129.45:3128
304,103.105.212.106:53281
305,181.225.54.59:6969
306,217.219.28.117:3128
307,152.169.106.145:80
308,95.79.40.68:443
309,41.65.251.84:1976
310,62.193.108.135:1981
311,103.48.68.34:83
312,45.70.236.125:999
313,15.207.111.9:3128
314,168.119.53.93:80
315,207.244.225.39:3128
316,190.121.140.233:999
317,209.97.171.82:8080
318,46.20.115.218:80
319,8.214.4.72:33080
320,5.196.63.97:8080
321,190.92.35.102:999
322,113.161.85.176:19132
323,45.71.198.254:999
324,185.108.141.49:8080
325,101.53.154.137:2006
326,91.121.169.13:5566
327,139.59.249.244:7777
328,89.35.143.213:8080
329,1.10.235.160:8080
330,122.185.159.52:80
331,104.236.78.102:3128
332,201.238.248.134:443
333,152.200.154.51:999
334,157.230.31.64:8081
335,62.27.108.174:8080
336,167.99.124.118:80
337,207.180.224.75:80
338,202.29.237.210:3128
339,43.241.131.97:8080
340,124.121.105.172:8080
341,103.41.173.47:3128
342,200.58.87.194:808
343,216.155.89.66:999
344,200.46.65.66:8080
345,183.88.176.196:8080
346,88.200.155.203:3128
347,71.14.214.67:8080
348,200.8.190.45:999
349,66.94.121.32:3128
350,50.193.36.173:8080
351,197.232.65.40:55443
352,38.10.69.101:9090
353,45.32.101.24:80
354,190.85.113.6:999
355,70.169.70.94:80
356,134.209.189.42:80
357,156.67.217.159:80
358,194.163.163.222:3128
359,38.41.0.92:999
360,69.43.44.106:8080
361,41.65.55.2:1976
362,41.178.6.146:8060
363,161.22.34.117:8080
364,190.109.18.65:8080
365,170.83.79.226:999
366,104.225.216.223:3128
367,31.13.33.28:8080
368,203.113.9.154:9090
369,165.16.119.176:1981
370,110.171.84.180:8080
371,165.16.22.138:9999
372,104.168.77.133:3128
373,217.180.218.36:8080
374,189.190.177.168:999
375,80.11.13.240:8080
376,95.171.5.144:1256
377,167.235.246.212:3128
378,185.6.173.131:8080
379,217.117.15.98:8080
380,197.232.36.85:41890
381,200.25.254.193:54240
382,124.105.55.174:8080
383,185.72.27.98:8080
384,202.21.38.19:3128
385,193.29.53.26:3128
386,138.121.161.83:8190
387,190.104.194.18:8080
388,138.118.104.166:999
389,132.255.210.113:999
390,45.174.248.1:999
391,143.198.73.220:3128
392,81.161.236.49:8080
393,38.41.0.89:999
394,170.83.77.25:999
395,182.53.201.115:8080
396,125.228.43.81:8080
397,176.192.70.58:8008
398,161.22.39.58:999
399,190.216.234.242:8080
