BankName,TrustScore,ReviewCount,Location,Reflink
DuGood Credit Union,TrustScore 4.9,"2,830 reviews","Beaumont, United States",/review/www.dugood.org
Panacea Financial,TrustScore 4.9,418 reviews,"Little Rock, United States",/review/panaceafinancial.com
Gateway Mortgage,TrustScore 4.8,"5,922 reviews","Jenks, United States",/review/gatewayfirst.com
Network Capital Funding,TrustScore 4.8,"2,028 reviews","Irvine, United States",/review/networkcapital.net
"LEAF Commercial Capital, Inc.",TrustScore 4.8,843 reviews,"Philadelphia, United States",/review/www.leafnow.com
MoneyLion,TrustScore 4.7,"27,939 reviews","Sandy, UT 84091, United States",/review/moneylion.com
EECU Credit Union,TrustScore 4.7,"1,132 reviews","Fort Worth, United States",/review/eecu.org
Nexo,TrustScore 4.6,"10,491 reviews",,/review/nexo.io
BankMobile,TrustScore 4.6,"2,425 reviews",,/review/www.bankmobile.com
BankFive,TrustScore 4.6,"2,311 reviews","Fall River, MA, United States",/review/www.bankfive.com
Marlin Capital Solutions,TrustScore 4.6,717 reviews,"Mount Laurel, United States",/review/marlincapitalsolutions.com
MAJORITY - Mobile Banking,TrustScore 4.6,126 reviews,"Houston, United States",/review/majority.com
LendingTree,TrustScore 4.5,"12,424 reviews",,/review/www.lendingtree.com
Step,TrustScore 4.5,950 reviews,,/review/step.com
Great Basin Federal Credit Union,TrustScore 4.5,491 reviews,"Reno, United States",/review/greatbasin.org
Carousel Checks,TrustScore 4.4,"23,558 reviews","Palos Hills, United States",/review/www.carouselchecks.com
Extra Value Checks,TrustScore 4.4,"16,724 reviews",,/review/www.extravaluechecks.com
Merrick Bank,TrustScore 4.4,"14,189 reviews",,/review/merrickbank.com
Credit Union of New Jersey,TrustScore 4.3,"2,264 reviews",,/review/www.cunj.com
Bank5 Connect,TrustScore 4.3,414 reviews,,/review/www.bank5connect.com
Excite Credit Union,TrustScore 4.3,85 reviews,"San Jose, United States",/review/excitecu.org
Quontic,TrustScore 4.1,477 reviews,,/review/quontic.com
Western Union,TrustScore 3.9,"41,228 reviews","Englewood, United States",/review/westernunion.com
Bank with Fair,TrustScore 3.9,67 reviews,"Houston, United States",/review/bankwithfair.com
Mercury,TrustScore 3.7,507 reviews,,/review/mercury.com
Brex,TrustScore 3.5,557 reviews,"San Francisco, United States",/review/brex.com
Laurel Road,TrustScore 3.5,421 reviews,,/review/www.laurelroad.com
CreditStrong,TrustScore 3.4,28 reviews,"Austin, United States",/review/creditstrong.com
Chime,TrustScore 3.1,"8,213 reviews","San Francisco , United States",/review/www.chimebank.com
CIT ,TrustScore 2.4,317 reviews,"Portsmouth, United States",/review/cit.com
Texas Bay Credit Union,TrustScore 4.9,"1,091 reviews","Houston, United States",/review/texasbaycu.org
"South End Capital a division of Stearns Bank, N.A.",TrustScore 4.9,87 reviews,"St. Cloud, United States",/review/southendcapital.com
Zil Banking,TrustScore 4.8,585 reviews,"San Jose, United States",/review/zilbank.com
MERCO Bank,TrustScore 4.8,290 reviews,,/review/mercobank.com
Greenworld Bank,TrustScore 4.8,127 reviews,,/review/greenworldbank.com
Arapahoe Credit Union,TrustScore 4.8,48 reviews,"Centennial, United States",/review/arapahoecu.org
Global Jay,TrustScore 4.8,40 reviews,"Woodland Hills, CA, United States",/review/globaljay.com
Eloan,TrustScore 4.7,"2,274 reviews",,/review/eloan.com
"Trust Capital, USA",TrustScore 4.7,112 reviews,"La Jolla, United States",/review/www.trustcapitalusa.com
winandinvest.com,TrustScore 4.7,44 reviews,"Michigan, United States",/review/winandinvest.com
Bread Pay,TrustScore 4.6,"4,473 reviews","New York, United States",/review/payments.breadfinancial.com
Neighbors Bank,TrustScore 4.6,141 reviews,"Columbia, United States",/review/neighborsbank.com
Dealstruck,TrustScore 4.6,114 reviews,"Miami Beach, United States",/review/dealstruck.com
Cryptotresorbank,TrustScore 4.6,42 reviews,"Singapore, United States",/review/cryptotresorbank.com
Mechanics Cooperative Bank,TrustScore 4.6,36 reviews,"Taunton, United States",/review/mechanics-coop.com
SoFi,TrustScore 4.5,"4,206 reviews",,/review/sofi.com
Affinity Beyond Capital,TrustScore 4.5,165 reviews,"Valley Stream, United States",/review/affinitybeyondcapital.com
Card comparison uk Limited,TrustScore 4.5,14 reviews,,/review/www.cardcomparisonuk.com
Atmos Financial,TrustScore 4.5,13 reviews,,/review/joinatmos.com
Relay Financial,TrustScore 4.4,680 reviews,,/review/relayfi.com
PrizePool,TrustScore 4.4,151 reviews,"San Mateo, United States",/review/getprizepool.com
Millions,TrustScore 4.4,63 reviews,,/review/millions.app
MonoCoin Signal,TrustScore 4.4,12 reviews,"New York, United States",/review/monocoin.net
Evolve Capital Group,TrustScore 4.3,10 reviews,"Santa Monica, United States",/review/evolvecapitalgroup.com
askzeta.com,TrustScore 4.3,9 reviews,,/review/askzeta.com
ViuBank,TrustScore 4.3,7 reviews,"Dubai, United States",/review/viubank.com
Swadesh,TrustScore 4.3,7 reviews,"San Francisco, United States",/review/swadesh.co
Westfieldfunding,TrustScore 4.3,7 reviews,"Farmington Hills, United States",/review/westfieldfunding.com
Optionscallsputs,TrustScore 4.3,7 reviews,"New York, United States",/review/optionscallsputs.com
KAPED,TrustScore 4.2,48 reviews,"Upland, United States",/review/kapedcredit.com
North Loop,TrustScore 4.2,28 reviews,,/review/nolobank.com
OneAZ Credit Union,TrustScore 4.2,18 reviews,,/review/oneazcu.com
mocafi.com,TrustScore 4.2,17 reviews,"Newark, United States",/review/mocafi.com
Crowded,TrustScore 4.2,7 reviews,,/review/crowded.me
Heritage Valley Federal Credit Union,TrustScore 4.1,11 reviews,,/review/heritagevalleyfcu.org
Bensonburrell,TrustScore 4.1,5 reviews,"Woodbury, United States",/review/bensonburrell.com
Canna Business Resources,TrustScore 4.1,5 reviews,"New York, United States",/review/cannabusinessresources.com
firstcard.app,TrustScore 4.1,5 reviews,,/review/www.firstcard.app
Novo,TrustScore 4.0,"1,733 reviews","Miami, United States",/review/novo.co
LVL - The Money App,TrustScore 4.0,3 reviews,,/review/lvl.co
Best Egg,TrustScore 3.9,3 reviews,,/review/www.marlettefunding.com
Azlo,TrustScore 3.8,393 reviews,"San Francisco, United States",/review/www.azlo.com
Ccbankllc,TrustScore 3.8,2 reviews,,/review/ccbankllc.com
Ibank Capitalcityonlineservice,TrustScore 3.8,2 reviews,,/review/ibank.capitalcityonlineservice.com
itechhackers.com,TrustScore 3.8,2 reviews,"******, United States",/review/itechhackers.com
OpenSky,TrustScore 3.7,169 reviews,"Dallas, United States",/review/openskycc.com
Unbanked,TrustScore 3.7,98 reviews,"Charlotte, United States",/review/unbanked.com
TVT Capital ,TrustScore 3.7,5 reviews,"New York , United States",/review/tvt-capital.com
Digitalmortgages,TrustScore 3.7,2 reviews,,/review/www.digitalmortgages.net
Stakingstablecoins,TrustScore 3.7,1 review,,/review/stakingstablecoins.com
Stakingstablecoins,TrustScore 3.7,1 review,,/review/stakingstablecoins.com
Varo Bank,TrustScore 3.6,"2,477 reviews","San Francisco, United States",/review/varomoney.com
movesfinancial.com,TrustScore 3.6,16 reviews,,/review/movesfinancial.com
Trueeaglecapital,TrustScore 3.6,7 reviews,"New York, United States",/review/trueeaglecapital.com
ExpressPayments,TrustScore 3.6,4 reviews,"New York, United States",/review/expresspayments.global
Central Bank,TrustScore 3.5,3 reviews,"Jefferson City, United States",/review/centralbank.net
First Oklahoma Bank,TrustScore 3.5,2 reviews,"Jenks, United States",/review/firstoklahomabank.com
PrimeRates,,,"Wilmington, United States",/review/www.primerates.com
Bó,TrustScore 3.3,4 reviews,"London, United States",/review/wearebo.co.uk
acrossgracealley.com,TrustScore 3.2,1 review,"karachi, United States",/review/acrossgracealley.com
NBKC Bank,TrustScore 3.1,31 reviews,"Kansas City, United States",/review/nbkc.com
wafdbank.com,TrustScore 2.8,4 reviews,"Seattle, United States",/review/www.wafdbank.com
Live Oak Bank,TrustScore 2.8,3 reviews,"Wilmington, United States",/review/www.liveoakbank.com
IBH Crypto Bank,TrustScore 2.7,20 reviews,"Wilmington, United States",/review/ibhcryptobank.com
NorthOne,TrustScore 2.6,115 reviews,"New York, United States",/review/northone.com
CenterState Bank,TrustScore 2.6,6 reviews,"Winter Haven, United States",/review/centerstatebank.com
M Marcus,TrustScore 2.2,11 reviews,,/review/marcus.com
Branch,TrustScore 1.9,16 reviews,"Minneapolis, United States",/review/branchapp.com
Small Business Bank,TrustScore 1.8,135 reviews,,/review/smallbusinessbank.com
Woodforest National Bank,TrustScore 1.7,85 reviews,"The Woodlands, United States",/review/woodforest.com
